Model,Recall (Churn=1),Precision (Churn=1),F1-Score (Churn=1),Accuracy,ROC AUC,Best Params
SVC,0.820855614973262,0.45752608047690013,0.5875598086124402,0.6941092973740242,0.8269756387403445,"{'kernel': 'linear', 'gamma': 'auto', 'class_weight': 'balanced', 'C': 10}"
XGBoost,0.8101604278074866,0.49835526315789475,0.6171079429735234,0.7331440738112136,0.8368557699759747,"{'scale_pos_weight': np.float64(2.768561872909699), 'n_estimators': 100, 'max_depth': 3, 'learning_rate': 0.01}"
LogisticRegression,0.8074866310160428,0.49105691056910566,0.6107178968655207,0.7267565649396736,0.8357358753778192,"{'solver': 'liblinear', 'class_weight': 'balanced', 'C': np.float64(0.001)}"
RandomForest,0.7486631016042781,0.5490196078431373,0.6334841628959276,0.7700496806245565,0.8419036916479372,"{'n_estimators': 300, 'min_samples_leaf': 4, 'max_depth': 10, 'class_weight': 'balanced'}"
KNeighbors,0.5668449197860963,0.5840220385674931,0.5753052917232022,0.7778566359119943,0.813988994807409,"{'weights': 'uniform', 'n_neighbors': 11, 'metric': 'minkowski'}"
GradientBoosting,0.516042780748663,0.6655172413793103,0.5813253012048193,0.8026969481902059,0.8432702988968973,"{'n_estimators': 100, 'max_depth': 3, 'learning_rate': 0.1}"
